{
    "tasks": [
        "classification"
    ],
    "audio": {
        "config": {
            "sampling_rate": 96000,
            "n_channels": 2,
            "channels_of_interest": [],
            "signal": "FMCW",
            "tx_file": [
                "WAVfmcw20000_b9000_l600.wav",
                "WAVfmcw31000_b9000_l600.wav"
            ],
            "frame_length": 600,
            "sample_depth": 16,
            "bandpass_range": [
                [
                    20000,
                    29000
                ],
                [
                    31000,
                    40000
                ]
            ]
        },
        "files": [
            "audio_001.raw"
        ],
        "syncing_poses": [
            1730
        ]
    },
    "ground_truth": {
        "files": [
            "record_20250429_044416_327788_records.txt"
        ],
        "syncing_poses": [
            165
        ],
        "anchor_length": 72,
        "videos": [
            "record_20250429_044416_327788.mp4"
        ]
    },
    "sessions": [
        [
            {
                "start": 1745916261.39076,
                "duration": 115.17428994178772
            },
            {
                "start": 1745916376.570341,
                "duration": 112.41299867630005
            }
        ]
    ]
}